"instanceID","siteLabel","date","gpsLocation:Latitude","gpsLocation:Longitude","gpsLocation:Altitude","gpsLocation:Accuracy","sitePic","aspect","slope","SiteNotes","weather","startTime","device","daubPlots__daub_Xcoord","daubPlots__daub_Ycoord","daubPlots__denso","daubPlots__daubplotbare","daubPlots__daubplotltter","daubPlots__daubplotgraminoid","daubPlots__daubplotforb","daubPlots__daubplotshrub","daubPlots__daubplottree","daubPlots__depthOhorizon","daubPlots__depthMhorizon1","daubPlots__depthOhorizon2","daubPlots__depthMhorizon2","daubPlots__depthOhorizon3","daubPlots__depthMhorizon3","daubPlots__depthOhorizon4","daubPlots__depthMhorizon4","daubPlots__tempOhorizon","daubPlots__tempMineral","daubPlots__VegCompositionBlock__speciesCode","daubPlots__VegCompositionBlock__coverClass","vegRich_tree","vegRich_shrub","deadDown","plantMeasurements__plantStartTime","plantMeasurements__taxon","plantMeasurements__indiv","plantMeasurements__xcoord","plantMeasurements__ycoord","plantMeasurements__direction","plantMeasurements__phenology","plantMeasurements__asochost","plantMeasurements__circumStem","plantMeasurements__width","plantMeasurements__width2","plantMeasurements__height","plantMeasurements__height_sample","endTime"
"uuid:fafb4a62-0191-40ad-90a8-1c2c29af4457","4_1 beartooth","2018-07-16T17:23:00.000Z","44.97025268026102","-109.43793342885243","3272.8111076457694","6.0","null","West","10","null","overcast","2018-07-16T17:23:05.191Z","C8:14:79:50:D6:8E","null","null","0","5","1","2","2","0","0","10","0","7","0","8","3","5","10","47.7","47.3","Salix reticulata","4","0","3","0","2018-07-16T17:24:55.978Z","4_1_1_1 salix","1","18","32","north","fruiting","null","null","112","81","20","6","2018-07-20T15:48:00.546Z"
"","","","","","","","","","","","","","","","","","","","","","","","","","","","","","","","","","Carex sp","2","","","","2018-07-16T17:40:57.593Z","Salix sp","2","43","41","south","flowering","null","null","170","100","21","4",""
"","","","","","","","","","","","","","","","","","","","","","","","","","","","","","","","","","Bistorta bistertoides","1","","","","2018-07-16T17:47:15.054Z","Salix sp possible outlier","3","24","25","north","flowering","null","null","210","180","10","5",""
"","","","","","","","","","","","","","","","","","","","","","","","","","","","","","","","","","Unknown cushion plant","1","","","","2018-07-16T17:53:49.776Z","Salix sp","4","24","36","north","flowering","null","null","300","222","30","25",""
"","","","","","","","","","","","","","","","","","","","","","","","","","","","","","","","","","Saxifrage","1","","","","2018-07-16T18:01:28.512Z","4_1_1_5","5","16","25","west","flowering","null","null","151","155","21","13",""
"","","","","","","","","","","","","","","","","","","","","","","","","","","","","","","","","","Trifolium","1","","","","2018-07-16T18:06:17.163Z","Salix sp","6","13","11","east","flowering","null","null","107","87","12","6",""
"","","","","","","","","","","","","","","","","","","","","","","","","","","","","","","","","","Unkn forb","1","","","","2018-07-16T18:13:04.949Z","Salix sp","7","26","31","north","flowering","null","null","132","106","31","16",""
"","","","","","","","","","","","","","","","","","","","","","","","","","","","","","","","","","Sedum","1","","","","2018-07-16T18:17:06.174Z","Salix sp","8","49","49","east","fruiting","null","null","131","41","42","10",""
"","","","","","","","","","","","","","","","","","","","","","","","","","","","","","","","","","Unk forb","1","","","","2018-07-16T18:22:34.622Z","Salix sp","9","45","17","north","fruiting","null","null","175","160","24","4",""
"","","","","","","","","","","","","","","","","","","","","","","","","","","","","","","","","","Unk forb","1","","","","2018-07-16T18:27:15.790Z","Salix sp","10","32","26","north","fruiting","null","null","210","130","16","6",""
"","","","","","","","","","","","","","","null","null","0","1","1","1","1","5","0","11","0","10","3","14","5","8","0","47.3","48.4","Salix reticulata","6","","","","2018-07-16T18:36:04.240Z","Bisbis","1","10","30","null","flowering","null","null","4","4","15","3",""
"","","","","","","","","","","","","","","","","","","","","","","","","","","","","","","","","","Geum","3","","","","2018-07-16T18:55:53.877Z","Bisbis","2","18","46","null","flowering","null","null","4","5","23","7",""
"","","","","","","","","","","","","","","","","","","","","","","","","","","","","","","","","","Carex sp","2","","","","2018-07-16T19:01:13.131Z","Bisbis","3","22","2","null","flowering","null","null","5","4","23","6",""
"","","","","","","","","","","","","","","","","","","","","","","","","","","","","","","","","","Trifolium","1","","","","2018-07-16T19:05:45.865Z","Bisbis","4","12","40","null","flowering","null","null","5","4","17","4",""
"","","","","","","","","","","","","","","","","","","","","","","","","","","","","","","","","","Poa sp","1","","","","2018-07-16T19:09:04.450Z","Bisbis","5","10","3","null","flowering","null","null","2","2","14","2",""
"","","","","","","","","","","","","","","","","","","","","","","","","","","","","","","","","","Bistorta bistertoids","1","","","","2018-07-16T19:12:53.237Z","Bisbis","6","45","37","null","flowering","null","null","5","3","14","3",""
"","","","","","","","","","","","","","","","","","","","","","","","","","","","","","","","","","Unk forb","1","","","","2018-07-16T19:18:00.362Z","Bisbis","7","10","7","null","flowering","null","null","5","3","11","3",""
"","","","","","","","","","","","","","","","","","","","","","","","","","","","","","","","","","Unknown forb","1","","","","2018-07-16T20:56:01.087Z","Bisbis","8","1","4","null","flowering","null","null","4","3","8","2",""
"","","","","","","","","","","","","","","","","","","","","","","","","","","","","","","","","","Astragalus sp","1","","","","2018-07-16T21:01:23.216Z","Bisbis","9","10","18","null","flowering","null","null","6","3","17","4",""
"","","","","","","","","","","","","","","null","null","0","3","2","2","1","0","0","5","0","7","0","4","0","12","0","46.9","null","Carex sp 2","4","","","","2018-07-16T21:05:58.741Z","Bisbis","10","45","8","null","flowering","null","null","3","2","11","3",""
"","","","","","","","","","","","","","","","","","","","","","","","","","","","","","","","","","Carex sp 1","2","","","","2018-07-16T21:09:48.681Z","Potentilla diversifolia","1","24","24","null","flowering","null","null","11","9","16","5",""
"","","","","","","","","","","","","","","","","","","","","","","","","","","","","","","","","","Poa sp","2","","","","2018-07-16T21:26:01.966Z","Potdiv","2","2","49","null","flowering","null","null","29","20","16","4",""
"","","","","","","","","","","","","","","","","","","","","","","","","","","","","","","","","","Geum","2","","","","2018-07-16T21:26:53.705Z","Potdiv","3","0","35","null","flowering","null","null","5","5","11","5",""
"","","","","","","","","","","","","","","","","","","","","","","","","","","","","","","","","","Trifolium","1","","","","2018-07-16T21:35:44.466Z","Potdiv","4","38","11","null","flowering","null","null","22","14","18","5",""
"","","","","","","","","","","","","","","","","","","","","","","","","","","","","","","","","","Potentilla diversifolia","1","","","","2018-07-16T21:42:09.148Z","Potduv","5","50","15","null","flowering","null","null","13","10","10","5",""
"","","","","","","","","","","","","","","","","","","","","","","","","","","","","","","","","","Stellaria","1","","","","2018-07-16T21:48:42.572Z","Potdiv","6","28","31","null","flowering","null","null","9","7","10","5",""
"","","","","","","","","","","","","","","null","null","0","0","4","1","2","4","0","15","4","15","4","12","4","15","4","45.0","null","Rumex cf","1","","","","2018-07-16T21:54:10.378Z","Potdiv","7","13","21","null","flowering","null","null","8","4","12","4",""
"","","","","","","","","","","","","","","","","","","","","","","","","","","","","","","","","","Saxifrage 2","1","","","","2018-07-16T21:58:00.759Z","Potdiv","8","4","21","null","flowering","null","null","11","7","20","8",""
"","","","","","","","","","","","","","","","","","","","","","","","","","","","","","","","","","Geum","2","","","","2018-07-16T22:03:40.581Z","Potdiv","9","11","14","null","flowering","null","null","12","6","12","4",""
"","","","","","","","","","","","","","","","","","","","","","","","","","","","","","","","","","Senecio sp","2","","","","2018-07-16T22:08:16.750Z","Potdiv","10","24","11","null","flowering","null","null","21","15","15","6",""
"","","","","","","","","","","","","","","","","","","","","","","","","","","","","","","","","","Poa","1","","","","2018-07-16T22:12:30.543Z","Salix reticulata 4_1_4","1","50","18","null","flowering","null","null","null","null","4","4",""
"","","","","","","","","","","","","","","","","","","","","","","","","","","","","","","","","","Carex 1","1","","","","2018-07-17T14:47:57.804Z","Sallix ret","2","38","2","null","flowering","null","null","65","60","5","4",""
"","","","","","","","","","","","","","","","","","","","","","","","","","","","","","","","","","Carex 3","1","","","","2018-07-17T14:53:56.197Z","Salix ret","3","46","42","null","flowering","null","null","140","130","5","4",""
"","","","","","","","","","","","","","","","","","","","","","","","","","","","","","","","","","Salix 2","6","","","","2018-07-17T14:59:47.986Z","Salix ret","4","24","42","null","flowering","null","null","null","null","5","4",""
"","","","","","","","","","","","","","","","","","","","","","","","","","","","","","","","","","Porentilla diversifolia","1","","","","2018-07-17T15:03:02.572Z","Salaix ret","5","50","1","null","flowering","null","null","null","null","5","4",""
"","","","","","","","","","","","","","","","","","","","","","","","","","","","","","","","","","Sedum","1","","","","2018-07-17T15:09:24.806Z","Aalix ret","6","14","50","null","flowering","null","null","320","61","5","4",""
"","","","","","","","","","","","","","","","","","","","","","","","","","","","","","","","","","Unk forb prev mentioned","1","","","","2018-07-17T15:14:39.190Z","Salix ret","7","27","35","null","flowering","null","null","null","null","4","3",""
"","","","","","","","","","","","","","","","","","","","","","","","","","","","","","","","","","Trifoliim","1","","","","2018-07-17T15:23:23.288Z","Salix ret","8","32","38","null","flowering","null","null","34","29","4","3",""
"","","","","","","","","","","","","","","","","","","","","","","","","","","","","","","","","","","","","","","2018-07-17T16:02:56.405Z","Salix ret","9","26","5","null","flowering","null","null","null","null","4","2",""
"","","","","","","","","","","","","","","","","","","","","","","","","","","","","","","","","","","","","","","2018-07-17T16:06:37.909Z","Salix rwr","10","2","7","null","flowering","null","null","null","null","5","4",""
"","","","","","","","","","","","","","","","","","","","","","","","","","","","","","","","","","","","","","","2018-07-17T16:13:23.266Z","Small white thing","1","25","43","null","flowering","null","null","9","9","4","2",""
"","","","","","","","","","","","","","","","","","","","","","","","","","","","","","","","","","","","","","","2018-07-17T16:29:27.387Z","Small white","2","38","45","null","flowering","null","null","10","7","4","1",""
"","","","","","","","","","","","","","","","","","","","","","","","","","","","","","","","","","","","","","","2018-07-17T16:31:59.086Z","Small white","3","6","2","null","flowering","null","null","22","15","4","1",""
"","","","","","","","","","","","","","","","","","","","","","","","","","","","","","","","","","","","","","","2018-07-17T16:36:24.608Z","Small white","4","0","10","null","flowering","null","null","11","11","4","1",""
"","","","","","","","","","","","","","","","","","","","","","","","","","","","","","","","","","","","","","","2018-07-17T16:43:10.640Z","Small white","5","3","2","null","flowering","null","null","16","13","4","1",""
"","","","","","","","","","","","","","","","","","","","","","","","","","","","","","","","","","","","","","","2018-07-17T16:49:06.169Z","Small white","6","31","38","null","flowering","null","null","18","15","3","1",""
"","","","","","","","","","","","","","","","","","","","","","","","","","","","","","","","","","","","","","","2018-07-17T16:53:22.280Z","Small white","7","31","42","null","flowering","null","null","6","5","4","1",""
"","","","","","","","","","","","","","","","","","","","","","","","","","","","","","","","","","","","","","","2018-07-17T16:56:06.703Z","Small white","8","25","43","null","flowering","null","null","9","9","3","1",""
"","","","","","","","","","","","","","","","","","","","","","","","","","","","","","","","","","","","","","","2018-07-17T16:58:50.402Z","Small white","9","22","47","null","flowering","null","null","22","14","4","2",""
"","","","","","","","","","","","","","","","","","","","","","","","","","","","","","","","","","","","","","","2018-07-17T17:02:02.475Z","Small white","10","47","7","null","flowering","null","null","10","10","4","1",""
"","","","","","","","","","","","","","","","","","","","","","","","","","","","","","","","","","","","","","","2018-07-17T17:06:34.885Z","Carex 4_1_6_1","1","26","27","null","flowering","null","null","4","5","14","8",""
"","","","","","","","","","","","","","","","","","","","","","","","","","","","","","","","","","","","","","","2018-07-17T17:42:09.345Z","Cares","2","35","28","null","flowering","null","null","5","3","17","7",""
"","","","","","","","","","","","","","","","","","","","","","","","","","","","","","","","","","","","","","","2018-07-17T17:48:07.019Z","Carex","3","40","26","null","flowering","null","null","6","6","22","9",""
"","","","","","","","","","","","","","","","","","","","","","","","","","","","","","","","","","","","","","","2018-07-17T17:49:38.879Z","Carex","4","49","25","null","flowering","null","null","5","4","13","4",""
"","","","","","","","","","","","","","","","","","","","","","","","","","","","","","","","","","","","","","","2018-07-17T17:54:39.304Z","Xarex","5","49","38","null","flowering","null","null","null","null","12","5",""
"","","","","","","","","","","","","","","","","","","","","","","","","","","","","","","","","","","","","","","2018-07-17T18:01:06.550Z","Carex","6","21","21","null","flowering","null","null","8","5","9","5",""
"","","","","","","","","","","","","","","","","","","","","","","","","","","","","","","","","","","","","","","2018-07-17T18:03:07.594Z","Carex","7","6","30","null","flowering","null","null","6","5","15","5",""
"","","","","","","","","","","","","","","","","","","","","","","","","","","","","","","","","","","","","","","2018-07-17T18:06:48.258Z","Carex","8","8","13","null","flowering","null","null","6","6","12","5",""
"","","","","","","","","","","","","","","","","","","","","","","","","","","","","","","","","","","","","","","2018-07-17T18:16:48.217Z","Carex","9","50","15","null","flowering","null","null","4","5","9","4",""
"","","","","","","","","","","","","","","","","","","","","","","","","","","","","","","","","","","","","","","2018-07-17T18:21:05.050Z","Carex","10","28","15","null","flowering","null","null","9","5","13","4",""
"","","","","","","","","","","","","","","","","","","","","","","","","","","","","","","","","","","","","","","2018-07-17T18:31:23.854Z","Tripra","1","28","11","null","flowering","null","null","10","8","9","5",""
"","","","","","","","","","","","","","","","","","","","","","","","","","","","","","","","","","","","","","","2018-07-17T18:42:29.756Z","Tripra","2","30","30","null","flowering","null","null","9","6","4","2",""
"","","","","","","","","","","","","","","","","","","","","","","","","","","","","","","","","","","","","","","2018-07-17T18:44:44.759Z","Tripra","3","49","44","null","flowering","null","null","8","8","7","3",""
"","","","","","","","","","","","","","","","","","","","","","","","","","","","","","","","","","","","","","","2018-07-17T18:50:34.151Z","Tripra","4","5","18","null","flowering","null","null","9","5","3","1",""
"","","","","","","","","","","","","","","","","","","","","","","","","","","","","","","","","","","","","","","2018-07-17T18:55:15.858Z","Tripra","5","23","44","null","flowering","null","null","6","5","5","2",""
"","","","","","","","","","","","","","","","","","","","","","","","","","","","","","","","","","","","","","","2018-07-17T19:02:37.715Z","Tripra","6","9","35","null","flowering","null","null","null","null","null","null",""
"","","","","","","","","","","","","","","","","","","","","","","","","","","","","","","","","","","","","","","2018-07-17T19:03:00.634Z","Tripra","7","28","48","null","flowering","null","null","6","5","8","4",""
"","","","","","","","","","","","","","","","","","","","","","","","","","","","","","","","","","","","","","","2018-07-17T19:04:45.945Z","Tripra","8","38","24","null","flowering","null","null","10","9","7","3",""
"","","","","","","","","","","","","","","","","","","","","","","","","","","","","","","","","","","","","","","2018-07-17T19:07:26.811Z","Tripra","9","25","39","null","flowering","null","null","null","null","null","null",""
"","","","","","","","","","","","","","","","","","","","","","","","","","","","","","","","","","","","","","","2018-07-17T19:11:59.579Z","Tripra","10","26","35","null","flowering","null","null","null","null","5","2",""
"uuid:a0f94116-22cd-4a3c-89bb-d9f6e8818eec","4_2 pilot peak","2018-07-17T22:50:00.000Z","44.933916967623794","-109.63913066284725","2680.914086372384","6.0","null","West","25","null","partlycloudy","2018-07-17T22:49:58.187Z","C8:14:79:50:D6:8E","18","49","0","1","2","2","4","1","0","12","0","5","0","11","0","12","0","54.6","null","Artemisia tridentata","4","1","1","0","2018-07-17T22:51:19.681Z","Art tri","1","20","25","north","flowering","null","null","156","112","91","65","2018-07-20T18:02:49.025Z"
"","","","","","","","","","","","","","","","","","","","","","","","","","","","","","","","","","Geranium","3","","","","2018-07-17T22:53:30.051Z","Arttri","2","32","17","west","flowering","null","null","175","101","106","80",""
"","","","","","","","","","","","","","","","","","","","","","","","","","","","","","","","","","Epilobium","2","","","","2018-07-17T23:02:29.708Z","Arttri","3","1","26","west","flowering","null","null","75","81","62","40",""
"","","","","","","","","","","","","","","","","","","","","","","","","","","","","","","","","","Potentilla palmate","2","","","","2018-07-17T23:12:09.126Z","Arttri","4","20","39","west","flowering","null","null","150","87","88","42",""
"","","","","","","","","","","","","","","","","","","","","","","","","","","","","","","","","","Unk forb 1","3","","","","2018-07-17T23:20:49.928Z","Arttri","5","38","8","north","flowering","null","null","110","50","65","42",""
"","","","","","","","","","","","","","","","","","","","","","","","","","","","","","","","","","Festuca","2","","","","2018-07-17T23:27:03.193Z","Arttri","6","41","15","east","flowering","null","null","41","35","62","50",""
"","","","","","","","","","","","","","","","","","","","","","","","","","","","","","","","","","Unk forb 3","2","","","","2018-07-17T23:34:00.367Z","Arttri","7","13","22","south","flowering","null","null","101","102","99","50",""
"","","","","","","","","","","","","","","","","","","","","","","","","","","","","","","","","","Achillea m","1","","","","2018-07-17T23:39:13.597Z","Aettri","8","37","28","north","flowering","null","null","120","64","74","50",""
"","","","","","","","","","","","","","","","","","","","","","","","","","","","","","","","","","Unk grass same as b4","1","","","","2018-07-17T23:43:10.196Z","Arttri","9","18","44","west","flowering","null","null","100","60","81","45",""
"","","","","","","","","","","","","","","","","","","","","","","","","","","","","","","","","","Unk purple aster","2","","","","2018-07-17T23:52:38.615Z","Arttri","10","1","0","east","flowering","null","null","76","101","76","51",""
"","","","","","","","","","","","","","","","","","","","","","","","","","","","","","","","","","Chickweed looking thing","1","","","","2018-07-17T23:59:00.588Z","Geranium","1","21","26","west","flowering","null","null","50","46","47","20",""
"","","","","","","","","","","","","","","33","30","0","0","5","1","4","0","0","14","0","12","0","15","null","13","null","52.7","null","Artemisia tridentata","4","","","","2018-07-18T00:16:58.268Z","Geranium","2","23","24","west","flowering","null","null","54","52","57","30",""
"","","","","","","","","","","","","","","","","","","","","","","","","","","","","","","","","","Geranium","4","","","","2018-07-18T00:24:28.622Z","Ger","3","28","36","east","flowering","null","null","33","33","42","15",""
"","","","","","","","","","","","","","","","","","","","","","","","","","","","","","","","","","Epilobium","3","","","","2018-07-18T00:28:22.566Z","Geranium","4","39","28","west","flowering","null","null","30","24","44","26",""
"","","","","","","","","","","","","","","","","","","","","","","","","","","","","","","","","","Fesyuca","2","","","","2018-07-18T00:34:36.831Z","Geranium","5","39","18","west","flowering","null","null","45","33","56","25",""
"","","","","","","","","","","","","","","","","","","","","","","","","","","","","","","","","","Potentilla palmate","2","","","","2018-07-18T00:39:56.651Z","Geranium","7","12","37","north","flowering","null","null","41","41","59","22",""
"","","","","","","","","","","","","","","","","","","","","","","","","","","","","","","","","","Fragaria","1","","","","2018-07-18T00:45:59.622Z","Geranium","8","32","26","east","flowering","null","null","37","30","47","20",""
"","","","","","","","","","","","","","","","","","","","","","","","","","","","","","","","","","Unk grass same as b4","2","","","","2018-07-18T00:51:37.692Z","Geranium","6","15","1","west","flowering","null","null","51","56","74","30",""
"","","","","","","","","","","","","","","","","","","","","","","","","","","","","","","","","","Unk grass 2","1","","","","2018-07-18T00:56:52.955Z","Geranium","9","47","17","east","flowering","null","null","56","38","42","20",""
"","","","","","","","","","","","","","","","","","","","","","","","","","","","","","","","","","Carex","1","","","","2018-07-18T01:01:08.356Z","Geranium","10","46","28","west","flowering","null","null","44","43","54","21",""
"","","","","","","","","","","","","","","","","","","","","","","","","","","","","","","","","","Elymus","1","","","","2018-07-18T01:04:01.066Z","Sunflower","1","21","26","west","flowering","null","null","70","66","64","40",""
"","","","","","","","","","","","","","","","","","","","","","","","","","","","","","","","","","Sunflower","1","","","","2018-07-18T16:31:02.770Z","Sunflower","2","45","10","north","flowering","null","null","55","42","58","41",""
"","","","","","","","","","","","","","","","","","","","","","","","","","","","","","","","","","Delphinium occidentale","2","","","","2018-07-18T16:35:35.002Z","Sunflower","3","25","45","null","flowering","null","null","41","35","52","29",""
"","","","","","","","","","","","","","","","","","","","","","","","","","","","","","","","","","Unk forb veg","2","","","","2018-07-18T16:41:51.762Z","Sunflower","4","28","46","null","flowering","null","null","41","34","55","25",""
"","","","","","","","","","","","","","","50","23","0","1","1","1","6","0","0","6","null","6","null","8","null","8","null","56.3","null","Delphinum occidentale","3","","","","2018-07-18T16:45:59.028Z","Sunflower","5","25","3","null","flowering","null","null","45","32","43","29",""
"","","","","","","","","","","","","","","","","","","","","","","","","","","","","","","","","","Sunflower","3","","","","2018-07-18T16:51:43.519Z","Sunflower","6","25","31","null","flowering","null","null","17","16","52","25",""
"","","","","","","","","","","","","","","","","","","","","","","","","","","","","","","","","","Potentilla palmate","2","","","","2018-07-18T16:56:51.458Z","Sunflower","7","13","28","null","flowering","null","null","36","47","62","35",""
"","","","","","","","","","","","","","","","","","","","","","","","","","","","","","","","","","Geranium","2","","","","2018-07-18T17:01:38.198Z","Sunflower","8","5","25","null","flowering","null","null","69","69","46","36",""
"","","","","","","","","","","","","","","","","","","","","","","","","","","","","","","","","","Unk purple astrr","2","","","","2018-07-18T17:07:22.215Z","Sunflower","9","4","16","null","flowering","null","null","26","21","71","36",""
"","","","","","","","","","","","","","","","","","","","","","","","","","","","","","","","","","Unk grass same as b4","2","","","","2018-07-18T17:11:23.918Z","Sunflower","10","9","8","null","flowering","null","null","28","23","59","26",""
"","","","","","","","","","","","","","","","","","","","","","","","","","","","","","","","","","Gilia","1","","","","2018-07-18T17:15:34.631Z","Sedum","1","2","26","null","flowering","null","null","3","2","11","2",""
"","","","","","","","","","","","","","","","","","","","","","","","","","","","","","","","","","Festuxa","1","","","","2018-07-18T17:28:42.510Z","Sedum","2","2","26","null","flowering","null","null","11","9","7","3",""
"","","","","","","","","","","","","","","","","","","","","","","","","","","","","","","","","","Unk forb large leaves aster i think","2","","","","2018-07-18T17:29:26.338Z","Sedum","3","6","33","null","flowering","null","null","16","11","12","2",""
"","","","","","","","","","","","","","","","","","","","","","","","","","","","","","","","","","Achillea m","1","","","","2018-07-18T17:33:15.361Z","Sedum","4","6","34","null","flowering","null","null","11","10","13","3",""
"","","","","","","","","","","","","","","","","","","","","","","","","","","","","","","","","","Unk forb","1","","","","2018-07-18T17:35:42.023Z","Sedum","5","0","32","null","flowering","null","null","5","4","10","2",""
"","","","","","","","","","","","","","","","","","","","","","","","","","","","","","","","","","Chickweed looking thing","1","","","","2018-07-18T17:38:46.992Z","Sedum","6","0","32","null","flowering","null","null","16","15","12","3",""
"","","","","","","","","","","","","","","","","","","","","","","","","","","","","","","","","","Unk fabaceae","1","","","","2018-07-18T17:39:55.470Z","Sedum","7","1","22","null","flowering","null","null","17","11","13","3",""
"","","","","","","","","","","","","","","","","","","","","","","","","","","","","","","","","","null","null","","","","2018-07-18T17:45:24.786Z","Sedum","8","0","20","null","flowering","null","null","9","8","10","2",""
"","","","","","","","","","","","","","","12","25","0","1","2","4","2","0","0","7","8","12","0","7","0","5","10","56.2","53.3","Potentilla palmate","3","","","","2018-07-18T17:49:42.426Z","Sedum","9","5","23","null","flowering","null","null","6","4","13","2",""
"","","","","","","","","","","","","","","","","","","","","","","","","","","","","","","","","","Delphinium occidentale","3","","","","2018-07-18T17:52:57.436Z","Sedum","10","1","30","null","flowering","null","null","15","10","11","3",""
"","","","","","","","","","","","","","","","","","","","","","","","","","","","","","","","","","Geranium","2","","","","2018-07-18T17:56:07.083Z","Erigonum","1","3","26","null","flowering","null","null","37","27","25","4",""
"","","","","","","","","","","","","","","","","","","","","","","","","","","","","","","","","","Epilobium","2","","","","2018-07-18T18:28:57.642Z","Erigonum","2","7","27","null","flowering","null","null","45","36","19","3",""
"","","","","","","","","","","","","","","","","","","","","","","","","","","","","","","","","","Artemesia tridentata","1","","","","2018-07-18T18:37:12.101Z","Erigonum","3","16","32","null","flowering","null","null","110","84","29","4",""
"","","","","","","","","","","","","","","","","","","","","","","","","","","","","","","","","","Achillea millefplium","1","","","","2018-07-18T18:42:57.953Z","Erigonum","4","22","28","null","flowering","null","null","90","80","22","4",""
"","","","","","","","","","","","","","","","","","","","","","","","","","","","","","","","","","Festuca","2","","","","2018-07-18T18:51:29.329Z","Rigonum","5","29","32","null","flowering","null","null","20","19","35","4",""
"","","","","","","","","","","","","","","","","","","","","","","","","","","","","","","","","","Unk grass","3","","","","2018-07-18T18:54:55.298Z","Erigonum","6","33","27","null","flowering","null","null","22","21","32","4",""
"","","","","","","","","","","","","","","","","","","","","","","","","","","","","","","","","","Unk forb 1","2","","","","2018-07-18T19:00:12.941Z","Erigonum","7","36","26","null","flowering","null","null","53","53","19","3",""
"","","","","","","","","","","","","","","","","","","","","","","","","","","","","","","","","","Unk small yellow aster","1","","","","2018-07-18T19:05:27.963Z","Erigonum","8","47","31","null","flowering","null","null","39","25","23","2",""
"","","","","","","","","","","","","","","","","","","","","","","","","","","","","","","","","","Unk forb 2  veg","2","","","","2018-07-18T19:10:10.770Z","Erigonum","9","46","35","null","flowering","null","null","26","14","41","3",""
"","","","","","","","","","","","","","","","","","","","","","","","","","","","","","","","","","","","","","","2018-07-18T19:15:09.820Z","Erigonum","10","48","19","null","flowering","null","null","64","33","28","3",""
"","","","","","","","","","","","","","","","","","","","","","","","","","","","","","","","","","","","","","","2018-07-18T19:23:12.208Z","Potentilla","1","3","26","null","flowering","null","null","40","34","45","18",""
"","","","","","","","","","","","","","","","","","","","","","","","","","","","","","","","","","","","","","","2018-07-18T19:41:16.303Z","Potentilla","2","27","3","null","flowering","null","null","40","23","39","20",""
"","","","","","","","","","","","","","","","","","","","","","","","","","","","","","","","","","","","","","","2018-07-18T19:48:56.774Z","Potentilla","3","10","27","null","flowering","null","null","29","24","48","12",""
"","","","","","","","","","","","","","","","","","","","","","","","","","","","","","","","","","","","","","","2018-07-18T19:54:18.703Z","Potentilla","4","11","2","null","flowering","null","null","36","33","57","25",""
"","","","","","","","","","","","","","","","","","","","","","","","","","","","","","","","","","","","","","","2018-07-18T19:59:35.800Z","Potentilla","5","21","40","null","flowering","null","null","31","24","51","22",""
"","","","","","","","","","","","","","","","","","","","","","","","","","","","","","","","","","","","","","","2018-07-18T20:05:39.897Z","Potwntilla","6","15","50","null","flowering","null","null","52","34","54","26",""
"","","","","","","","","","","","","","","","","","","","","","","","","","","","","","","","","","","","","","","2018-07-18T20:11:07.100Z","Potentilla","7","4","26","null","flowering","null","null","26","18","47","14",""
"","","","","","","","","","","","","","","","","","","","","","","","","","","","","","","","","","","","","","","2018-07-18T20:16:42.855Z","Potentilla","8","8","47","null","flowering","null","null","34","24","45","18",""
"","","","","","","","","","","","","","","","","","","","","","","","","","","","","","","","","","","","","","","2018-07-18T20:21:49.688Z","Potentilla","9","0","39","null","flowering","null","null","53","49","53","20",""
"","","","","","","","","","","","","","","","","","","","","","","","","","","","","","","","","","","","","","","2018-07-18T20:31:02.393Z","Delphinium","1","36","17","null","flowering","null","null","90","82","102","40",""
"","","","","","","","","","","","","","","","","","","","","","","","","","","","","","","","","","","","","","","2018-07-18T20:49:15.587Z","Delph","2","36","19","null","flowering","null","null","70","50","106","33",""
"","","","","","","","","","","","","","","","","","","","","","","","","","","","","","","","","","","","","","","2018-07-18T20:54:26.794Z","Delp","3","7","45","null","flowering","null","null","57","52","106","35",""
"","","","","","","","","","","","","","","","","","","","","","","","","","","","","","","","","","","","","","","2018-07-18T21:01:41.087Z","Delph","4","25","14","null","flowering","null","null","44","28","92","30",""
"","","","","","","","","","","","","","","","","","","","","","","","","","","","","","","","","","","","","","","2018-07-18T21:10:12.040Z","Delph","5","25","43","null","flowering","null","null","74","54","109","50",""
"","","","","","","","","","","","","","","","","","","","","","","","","","","","","","","","","","","","","","","2018-07-18T21:13:56.171Z","Delph","6","45","31","null","flowering","null","null","110","100","109","50",""
"","","","","","","","","","","","","","","","","","","","","","","","","","","","","","","","","","","","","","","2018-07-18T21:20:45.328Z","Delph","6","44","31","null","flowering","null","null","70","61","81","40",""
"","","","","","","","","","","","","","","","","","","","","","","","","","","","","","","","","","","","","","","2018-07-18T21:25:11.871Z","Delph","7","48","46","null","flowering","null","null","58","51","76","30",""
"","","","","","","","","","","","","","","","","","","","","","","","","","","","","","","","","","","","","","","2018-07-18T21:30:39.192Z","Delph","9","21","38","null","flowering","null","null","60","42","107","38",""
"","","","","","","","","","","","","","","","","","","","","","","","","","","","","","","","","","","","","","","2018-07-18T21:35:39.823Z","Delph","10","13","20","null","flowering","null","null","88","68","100","60",""
"uuid:812d9981-47bc-4535-aeab-37e1d7fc92e5","4_3 clarks fork","2018-07-19T15:26:00.000Z","44.95836307960377","-109.80617473992797","2120.3565914999926","6.0","null","West","25","null","sunny","2018-07-19T15:25:54.637Z","C8:14:79:50:D6:8E","39","36","0","1","1","2","5","0","0","6","null","5","null","6","null","6","null","62.3","null","Artemisia tridentata","4","2","4","5","2018-07-19T15:27:38.741Z","Artemesia tridentara","1","25","27","null","flowering","null","null","39","27","53","26","2018-07-20T21:35:01.199Z"
"","","","","","","","","","","","","","","","","","","","","","","","","","","","","","","","","","Geranium","3","","","","2018-07-19T15:32:17.478Z","Arttri","2","40","17","null","flowering","null","null","63","32","79","50",""
"","","","","","","","","","","","","","","","","","","","","","","","","","","","","","","","","","Eriogonum","2","","","","2018-07-19T15:38:17.644Z","Arttri","3","49","3","null","flowering","null","null","89","74","76","40",""
"","","","","","","","","","","","","","","","","","","","","","","","","","","","","","","","","","Mahonia repens","2","","","","2018-07-19T15:44:00.737Z","Arttri","4","44","6","null","flowering","null","null","94","79","73","40",""
"","","","","","","","","","","","","","","","","","","","","","","","","","","","","","","","","","Bluebell","1","","","","2018-07-19T15:50:26.803Z","Arttri","5","6","18","null","flowering","null","null","84","79","71","38",""
"","","","","","","","","","","","","","","","","","","","","","","","","","","","","","","","","","Symohorocarpus","1","","","","2018-07-19T15:57:33.156Z","Arttri","6","43","23","null","flowering","null","null","90","65","70","40",""
"","","","","","","","","","","","","","","","","","","","","","","","","","","","","","","","","","Vaccinium","2","","","","2018-07-19T16:03:57.507Z","Arttri","7","36","25","null","flowering","null","null","153","130","91","28",""
"","","","","","","","","","","","","","","","","","","","","","","","","","","","","","","","","","Lupine","2","","","","2018-07-19T16:14:15.357Z","Arttri","8","24","35","null","flowering","null","null","80","59","73","40",""
"","","","","","","","","","","","","","","","","","","","","","","","","","","","","","","","","","Fragaria","1","","","","2018-07-19T16:18:42.745Z","Arttri","9","25","1","null","flowering","null","null","64","63","88","55",""
"","","","","","","","","","","","","","","","","","","","","","","","","","","","","","","","","","Tragapogon","1","","","","2018-07-19T16:24:04.151Z","Arttri","10","31","40","null","flowering","null","null","91","88","45","20",""
"","","","","","","","","","","","","","","","","","","","","","","","","","","","","","","","","","Achillea m","1","","","","2018-07-19T16:31:48.400Z","Sedum","1","22","31","null","flowering","null","null","11","7","15","4",""
"","","","","","","","","","","","","","","","","","","","","","","","","","","","","","","","","","Vicia","2","","","","2018-07-19T17:16:32.343Z","Sedum","2","21","31","null","flowering","null","null","14","9","13","3",""
"","","","","","","","","","","","","","","","","","","","","","","","","","","","","","","","","","Potentilla pinnate","1","","","","2018-07-19T17:20:46.495Z","Sedum","3","19","30","null","flowering","null","null","5","4","15","2",""
"","","","","","","","","","","","","","","","","","","","","","","","","","","","","","","","","","Unk forb crisoy","1","","","","2018-07-19T17:24:05.562Z","Sedum","4","19","29","null","flowering","null","null","10","9","9","2",""
"","","","","","","","","","","","","","","","","","","","","","","","","","","","","","","","","","Gilia","1","","","","2018-07-19T17:26:38.464Z","Sedum","5","19","28","null","flowering","null","null","15","15","18","3",""
"","","","","","","","","","","","","","","","","","","","","","","","","","","","","","","","","","Tarax offic","1","","","","2018-07-19T17:30:57.426Z","Sedum","6","2","15","null","flowering","null","null","16","9","12","3",""
"","","","","","","","","","","","","","","33","1","0","1","2","3","4","0","0","5","null","6","null","7","null","5","null","64.3","null","Symohorocarpus","4","","","","2018-07-19T17:36:47.764Z","Sedum","7","3","5","null","flowering","null","null","16","14","16","3",""
"","","","","","","","","","","","","","","","","","","","","","","","","","","","","","","","","","Artemesia tridentaya","2","","","","2018-07-19T17:40:35.988Z","Sedum","8","3","40","null","flowering","null","null","7","6","17","3",""
"","","","","","","","","","","","","","","","","","","","","","","","","","","","","","","","","","Carex","5","","","","2018-07-19T17:47:26.344Z","Sedum","9","5","42","null","flowering","null","null","8","5","9","3",""
"","","","","","","","","","","","","","","","","","","","","","","","","","","","","","","","","","Eriogonum","3","","","","2018-07-19T17:49:12.061Z","Sedum","10","5","44","null","flowering","null","null","5","5","11","3",""
"","","","","","","","","","","","","","","","","","","","","","","","","","","","","","","","","","Potentilla pinnate","2","","","","2018-07-19T17:53:51.812Z","Juniperus communis","1","14","27","null","fruiting","null","null","null","null","29","20",""
"","","","","","","","","","","","","","","","","","","","","","","","","","","","","","","","","","Gallium","1","","","","2018-07-19T18:05:54.227Z","Juncom","2","18","26","null","vegetative","null","null","157","86","42","25",""
"","","","","","","","","","","","","","","","","","","","","","","","","","","","","","","","","","Unk apiacea","1","","","","2018-07-19T18:15:51.329Z","Juncom","3","4","29","west","fruiting","null","null","450","290","54","42",""
"","","","","","","","","","","","","","","5","35","0","1","2","1","1","3","0","9","null","4","null","3","null","3","null","63.6","null","Kinnicknixk","5","","","","2018-07-19T18:24:13.939Z","Juncom","4","4","21","null","vegetative","null","null","240","210","65","35",""
"","","","","","","","","","","","","","","","","","","","","","","","","","","","","","","","","","Eriogonum","2","","","","2018-07-19T18:27:58.013Z","Juncom","5","18","7","null","fruiting","null","null","277","168","39","24",""
"","","","","","","","","","","","","","","","","","","","","","","","","","","","","","","","","","Vicia","2","","","","2018-07-19T18:36:33.206Z","Juncom","6","16","0","null","vegetative","null","null","55","46","25","20",""
"","","","","","","","","","","","","","","","","","","","","","","","","","","","","","","","","","Achillea m","1","","","","2018-07-19T18:39:50.571Z","Juncom","7","21","49","null","fruiting","null","null","295","290","65","40",""
"","","","","","","","","","","","","","","","","","","","","","","","","","","","","","","","","","Antennaria","2","","","","2018-07-19T18:52:37.020Z","Juncom","8","25","39","null","fruiting","null","null","380","370","65","40",""
"","","","","","","","","","","","","","","","","","","","","","","","","","","","","","","","","","Festuca","2","","","","2018-07-19T18:59:01.402Z","Juncom","9","33","42","null","fruiting","null","null","550","420","84","72",""
"","","","","","","","","","","","","","","","","","","","","","","","","","","","","","","","","","Bromus","1","","","","2018-07-19T19:02:48.338Z","Juncom","10","19","31","null","vegetative","null","null","200","180","45","26",""
"","","","","","","","","","","","","","","","","","","","","","","","","","","","","","","","","","Unk grass","2","","","","2018-07-19T19:09:39.654Z","Pico","1","16","22","north","fruiting","null","167.0","500","800","1960","180",""
"","","","","","","","","","","","","","","26","29","0","1","3","2","2","2","0","5","null","5","null","5","null","9","null","74.3","null","Symphorocarpus","2","","","","2018-07-19T20:28:05.393Z","Pico","2","22","21","north","fruiting","null","104.0","400","400","1710","128",""
"","","","","","","","","","","","","","","","","","","","","","","","","","","","","","","","","","Vaccinium same as b4 but actually symohorocarpus","3","","","","2018-07-19T20:36:24.785Z","Pixo","3","22","13","south","fruiting","null","50.0","350","250","400","164",""
"","","","","","","","","","","","","","","","","","","","","","","","","","","","","","","","","","Rosa","1","","","","2018-07-19T20:44:17.642Z","Pico","4","17","0","west","fruiting","null","170.0","700","1000","1660","210",""
"","","","","","","","","","","","","","","","","","","","","","","","","","","","","","","","","","Eriogonum","2","","","","2018-07-19T20:55:50.905Z","Pico","5","11","1","east","fruiting","null","60.0","300","300","990","150",""
"","","","","","","","","","","","","","","","","","","","","","","","","","","","","","","","","","Artemesia tridentata","2","","","","2018-07-19T21:03:45.397Z","Pico","6","11","25","west","fruiting","null","121.0","660","520","1680","190",""
"","","","","","","","","","","","","","","","","","","","","","","","","","","","","","","","","","Achillea m","2","","","","2018-07-19T21:16:17.119Z","Pico","7","11","29","south","fruiting","null","58.0","430","300","1660","180",""
"","","","","","","","","","","","","","","","","","","","","","","","","","","","","","","","","","Unk apiacea same as b4","1","","","","2018-07-19T21:23:19.239Z","Pico","8","12","35","north","fruiting","null","115.0","650","650","1260","103",""
"","","","","","","","","","","","","","","","","","","","","","","","","","","","","","","","","","Bluebells","1","","","","2018-07-19T21:30:48.727Z","Pico","9","5","39","west","fruiting","null","178.0","1300","1000","1300","100",""
"","","","","","","","","","","","","","","","","","","","","","","","","","","","","","","","","","Mahonia repens","3","","","","2018-07-19T21:40:15.616Z","Pico","10","0","34","north","fruiting","null","110.0","500","600","1430","139",""
"","","","","","","","","","","","","","","","","","","","","","","","","","","","","","","","","","Tarax offic","1","","","","2018-07-19T21:47:20.685Z","Mahrep","1","12","26","null","vegetative","null","null","25","17","9","6",""
"","","","","","","","","","","","","","","","","","","","","","","","","","","","","","","","","","Geranium","2","","","","2018-07-19T22:29:11.764Z","Mahrep","2","11","26","null","vegetative","null","null","20","12","10","6",""
"","","","","","","","","","","","","","","","","","","","","","","","","","","","","","","","","","Carex","3","","","","2018-07-19T22:32:42.191Z","Mahrep","3","9","20","null","vegetative","null","null","16","13","16","8",""
"","","","","","","","","","","","","","","","","","","","","","","","","","","","","","","","","","Bromus","1","","","","2018-07-19T22:36:58.615Z","Mahrep","4","0","22","null","vegetative","null","null","43","29","20","10",""
"","","","","","","","","","","","","","","","","","","","","","","","","","","","","","","","","","Unk crispy","2","","","","2018-07-19T22:41:46.846Z","Mahrep","5","3","42","null","vegetative","null","null","13","10","19","16",""
"","","","","","","","","","","","","","","","","","","","","","","","","","","","","","","","","","","","","","","2018-07-19T22:45:00.090Z","Mahrep","6","25","43","null","vegetative","null","null","19","20","12","8",""
"","","","","","","","","","","","","","","","","","","","","","","","","","","","","","","","","","","","","","","2018-07-19T22:49:31.694Z","Mahrep","7","38","41","null","vegetative","null","null","13","11","10","5",""
"","","","","","","","","","","","","","","","","","","","","","","","","","","","","","","","","","","","","","","2018-07-19T22:54:35.425Z","Mahrep","8","48","29","null","vegetative","null","null","52","41","14","9",""
"","","","","","","","","","","","","","","","","","","","","","","","","","","","","","","","","","","","","","","2018-07-19T22:58:26.337Z","Mahrep","9","41","22","null","vegetative","null","null","28","18","11","8",""
"","","","","","","","","","","","","","","","","","","","","","","","","","","","","","","","","","","","","","","2018-07-19T23:00:47.339Z","Mahrep","10","null","4","null","vegetative","null","null","15","11","10","7",""
"","","","","","","","","","","","","","","","","","","","","","","","","","","","","","","","","","","","","","","2018-07-19T23:06:29.223Z","Eriogonum","1","8","23","null","flowering","null","null","105","97","33","4",""
"","","","","","","","","","","","","","","","","","","","","","","","","","","","","","","","","","","","","","","2018-07-19T23:26:38.994Z","Erio","2","49","47","null","flowering","null","null","34","17","43","6",""
"","","","","","","","","","","","","","","","","","","","","","","","","","","","","","","","","","","","","","","2018-07-19T23:32:50.686Z","Erio","3","4","22","null","flowering","null","null","22","13","47","4",""
"","","","","","","","","","","","","","","","","","","","","","","","","","","","","","","","","","","","","","","2018-07-19T23:38:57.787Z","Erio","4","14","10","null","flowering","null","null","73","55","38","5",""
"","","","","","","","","","","","","","","","","","","","","","","","","","","","","","","","","","","","","","","2018-07-19T23:44:31.742Z","Erio","5","6","11","null","flowering","null","null","52","29","32","4",""
"","","","","","","","","","","","","","","","","","","","","","","","","","","","","","","","","","","","","","","2018-07-20T20:13:48.726Z","Erio","6","50","7","null","flowering","null","null","33","20","47","4",""
"","","","","","","","","","","","","","","","","","","","","","","","","","","","","","","","","","","","","","","2018-07-20T20:17:27.688Z","Erio","7","41","16","null","flowering","null","null","33","17","43","4",""
"","","","","","","","","","","","","","","","","","","","","","","","","","","","","","","","","","","","","","","2018-07-20T20:22:08.810Z","Erio","8","32","21","null","flowering","null","null","60","38","41","4",""
"","","","","","","","","","","","","","","","","","","","","","","","","","","","","","","","","","","","","","","2018-07-20T20:28:43.826Z","Erio","9","29","8","null","flowering","null","null","70","67","33","4",""
"","","","","","","","","","","","","","","","","","","","","","","","","","","","","","","","","","","","","","","2018-07-20T20:34:12.521Z","Erio","10","31","33","null","flowering","null","null","20","17","44","4",""
"","","","","","","","","","","","","","","","","","","","","","","","","","","","","","","","","","","","","","","2018-07-20T20:38:08.135Z","Geranium","1","8","16","null","flowering","null","null","48","44","45","15",""
"","","","","","","","","","","","","","","","","","","","","","","","","","","","","","","","","","","","","","","2018-07-20T20:49:17.031Z","Geranium","2","10","21","null","flowering","null","null","59","50","39","12",""
"","","","","","","","","","","","","","","","","","","","","","","","","","","","","","","","","","","","","","","2018-07-20T20:51:28.778Z","Geranium","3","38","22","null","flowering","null","null","44","41","40","10",""
"","","","","","","","","","","","","","","","","","","","","","","","","","","","","","","","","","","","","","","2018-07-20T20:55:52.613Z","Geranium","4","1","27","null","flowering","null","null","53","50","42","10",""
"","","","","","","","","","","","","","","","","","","","","","","","","","","","","","","","","","","","","","","2018-07-20T21:02:36.429Z","Grranium","5","41","32","null","flowering","null","null","43","33","43","18",""
"","","","","","","","","","","","","","","","","","","","","","","","","","","","","","","","","","","","","","","2018-07-20T21:07:30.632Z","Geranium","6","5","0","null","flowering","null","null","40","40","41","12",""
"","","","","","","","","","","","","","","","","","","","","","","","","","","","","","","","","","","","","","","2018-07-20T21:13:06.000Z","Geranium","7","17","41","null","flowering","null","null","50","32","32","28",""
"","","","","","","","","","","","","","","","","","","","","","","","","","","","","","","","","","","","","","","2018-07-20T21:19:10.076Z","Geranium","8","43","22","null","flowering","null","null","43","31","48","28",""
"","","","","","","","","","","","","","","","","","","","","","","","","","","","","","","","","","","","","","","2018-07-20T21:25:07.408Z","Geranium","9","35","33","null","flowering","null","null","50","42","55","26",""
"","","","","","","","","","","","","","","","","","","","","","","","","","","","","","","","","","","","","","","2018-07-20T21:30:13.004Z","Geranium","10","32","27","null","flowering","null","null","60","60","54","20",""
"","","","","","","","","","","","","","","","","","","","","","","","","","","","","","","","","","","","","","","2018-07-20T21:34:48.621Z","null","null","null","null","null","null","null","null","null","null","null","null",""
